Reversed left context,Reversed center,Left context,Center,Punct,Right context,Title,Author,Birthday,Header,Created,Sphere,Type,Topic,Publication,Publ_year,Medium,Ambiguity,Full context
 адук А,ьтижол,А куда ,ложить, ,"станете Мухина?"" -- ещё печалился здоровяк.","Олег Павлов. Карагандинские девятины, или Повесть последних дней // «Октябрь», 2001",Олег Павлов,1970,"Карагандинские девятины, или Повесть последних дней",2001,художественная,повесть,,«Октябрь»,2001,журнал,омонимия снята,"А куда ложить станете Мухина?"" -- ещё печалился здоровяк."
" борг в ьтох  ,яакак атосарк  :аламудоп",ижол,"подумала:  красота какая,  хоть в гроб ",ложи,...,,"Людмила Улицкая. Казус Кукоцкого [Путешествие в седьмую сторону света] // «Новый Мир», 2000",Людмила Улицкая,1943,Казус Кукоцкого [Путешествие в седьмую сторону света],2000,художественная,роман,,«Новый Мир»,2000,журнал,омонимия снята,"Про себя она ещё подумала:  красота какая,  хоть в гроб ложи..."
 --,ижоЛ,-- ,Ложи, ,"сюда, -- немножко проветрив насквозь прокуренную комнату",Виктор Астафьев. Пролетный гусь (2000),Виктор Астафьев,1924,Пролетный гусь,2000,художественная,повесть,,Антология современной прозы. Т. 1.,2002,книга,омонимия снята,"Ложи сюда, -- немножко проветрив насквозь прокуренную комнату свою,  показывала она на постель;  прижав к себе Аркашу,  делала отмашку:  уходите,  мол,  не мешайте."
 ,етьжоЛ, ,Ложьте, ,Барбей взад!  ,"Людмила Петрушевская. Маленькая волшебница // «Октябрь», 1996",Людмила Петрушевская,1938,Маленькая волшебница,1996,художественная,роман,,«Октябрь»,1996,журнал,омонимия снята,Ложьте Барбей взад!  
 И,тажол,И ,ложат, ,етот гхроб в егхипетскую пирамиду.,И. М. Дьяконов. Книга воспоминаний (1995),И. М. Дьяконов,1915,Книга воспоминаний,1995,публицистика,мемуары,,,1995,книга,омонимия снята,И ложат етот гхроб в егхипетскую пирамиду.
 --,ижоЛ,-- ,Ложи, ,"на место,  -- приказал шофёр,  -- кидайте оттоманку",Сергей Довлатов. Дорога в новую квартиру (1987),Сергей Довлатов,1941,Дорога в новую квартиру,1987,художественная,рассказ,,Собрание прозы в 3 т. Т.2,1993,книга,омонимия снята,"Ложи на место,  -- приказал шофёр,  -- кидайте оттоманку и сервант! "
" адукен  ,оненлопереп ёсВ",ьтижол,"Всё переполнено,  некуда ",ложить,",  ","коридоры всплошняк заставлены,  а""  скорая ""так",И. Грекова. Перелом (1987),И. Грекова,1907,Перелом,1987,художественная,повесть,,На испытаниях,1990,книга,омонимия снята,"Всё переполнено,  некуда ложить,  коридоры всплошняк заставлены,  а""  скорая ""так и везёт,  так и везёт..."
" "",юинежарыв уменшадгот оп  ,ыцивед  ,огоннартс огечин",илижол,"ничего странного,  девицы,  по тогдашнему выражению,"" ",ложили, ,"на него глаз "",  -- желает с ним",Юрий Трифонов. Дом на набережной (1976),Юрий Трифонов,1925,Дом на набережной,1976,художественная,повесть,,"СС в 4 тт., т.2",1986,книга,омонимия снята,"Шулепников предлагал от своих щедрот:"" Глебыч,  на тебя есть заявка! ""эТо значило,  что какая-то из Левкиных девиц,  приметив Глебова или же что-то прослышав о нём -- ничего странного,  девицы,  по тогдашнему выражению,"" ложили на него глаз "",  -- желает с ним познакомиться,  а может быть,  Лёвка и привирал,  заявок не было,  просто хотел приобщить друга к земным радостям. "
" уволог доп  ,тиватсо ен улоп ан",тижол,"на полу не оставит,  под голову ",ложит,.,,"Александр Солженицын. В круге первом, т.1, гл. 1-25 (1968) // «Новый Мир», 1990",Александр Солженицын,1918,"В круге первом, т.1, гл. 1-25",1968,художественная,роман,,«Новый Мир»,1990,журнал,омонимия снята,"Сапоги на ночь скинет -- на полу не оставит,  под голову ложит."
" огеч в ен апус  ,тен водюлБ",ьтижол,"Блюдов нет,  супа не в чего ",ложить,.,,И. Грекова. На испытаниях (1967),И. Грекова,1907,На испытаниях,1967,художественная,повесть,,На испытаниях,1990,книга,омонимия снята,"Блюдов нет,  супа не в чего ложить."
" этэдуб ежот адибо ялсип  ,акьнеС  ,ыв",ьтижол,"вы,  Сенька,  писля обида тоже будэтэ ",ложить,.,,Александр Солженицын. Один день Ивана Денисовича (1961),Александр Солженицын,1918,Один день Ивана Денисовича,1961,художественная,рассказ,,Солженицын А.И. На краях,2000,книга,омонимия снята,"И вы,  Сенька,  писля обида тоже будэтэ ложить."
" сачйес йытслот йолс илсе  ,отч -- :йокчешемсан",ьтижол,"насмешечкой: -- что,  если слой толстый сейчас ",ложить,",  ",весной эта ТЭЦ потечёт вся.,Александр Солженицын. Один день Ивана Денисовича (1961),Александр Солженицын,1918,Один день Ивана Денисовича,1961,художественная,рассказ,,Солженицын А.И. На краях,2000,книга,омонимия снята,"Дозвольте заметить, -- прошепелявил он,  а с насмешечкой: -- что,  если слой толстый сейчас ложить,  весной эта ТЭЦ потечёт вся."
" ен юовс уквоммаргтосхерт  :ястиримирп ен  ,мён",тижол,"нём,  не примирится:  трехсотграммовку свою не ",ложит,",  ","как все,  на нечистый стол в",Александр Солженицын. Один день Ивана Денисовича (1961),Александр Солженицын,1918,Один день Ивана Денисовича,1961,художественная,рассказ,,Солженицын А.И. На краях,2000,книга,омонимия снята,"А засело-таки в нём,  не примирится:  трехсотграммовку свою не ложит,  как все,  на нечистый стол в росплесках,  а-- на тряпочку стираную."
" онжом уме ,месв иктязв теад возабА",ьтижол,"Абазов дает взятки всем, ему можно ",ложить, ,прибор на всех.,Снос деревьев на Красных Зорях (2015.03.03),коллективный,,Снос деревьев на Красных Зорях,2015,электронная коммуникация,форум,природа | администрация и управление,,,электронный текст,омонимия не снята,"Абазов дает взятки всем, ему можно ложить прибор на всех."
" имырыс ихалп …илшоп мотнив ,ьсилхосс иксод",илижол,"доски ссохлись, винтом пошли… плахи сырыми ",ложили,».,,"А. Н. Котюсов. Идет беда // «Волга», 2015",А. Н. Котюсов,1965,Идет беда,2015,публицистика,рецензия,искусство и культура,«Волга»,2015,журнал,омонимия не снята,"Подполья нет… на сваях стоит… пол в одну доску… доски ссохлись, винтом пошли… плахи сырыми ложили»."
" ен акоп ыв — ,енетс к яслизилбирп",етьжол,"приблизился к стене, — вы пока не ",ложьте,", ","пальцы переломаете, я сам! ","Владимир Ланг. Калейдоскоп детства // «Ковчег», 2013",Владимир Ланг,1938,Калейдоскоп детства,2013,публицистика,мемуары,,«Ковчег»,2013,журнал,омонимия не снята,"драгиль приблизился к стене, — вы пока не ложьте, пальцы переломаете, я сам! "
" хи ыв как а ,ядолоВ",илижол,"Володя, а как вы их ",ложили,: ,по названиям или по фабрикам? ,"Владимир Ланг. Калейдоскоп детства // «Ковчег», 2013",Владимир Ланг,1938,Калейдоскоп детства,2013,публицистика,мемуары,,«Ковчег»,2013,журнал,омонимия не снята,"Володя, а как вы их ложили: по названиям или по фабрикам? "
" ацмен то еыроток ,ЫЦЙИТЛАБ итэ ,уН",ИЛИЖОЛ,"Ну, эти БАЛТИЙЦЫ, которые от немца ",ЛОЖИЛИ, ,в ШТАНЫ? ,Форум: Великий всесоюзный голод (г. Харьков ― 1933 год) (2012),коллективный,,Форум: Великий всесоюзный голод (г. Харьков ― 1933 год),2012,электронная коммуникация,комментарий,политика и общественная жизнь | история | частная жизнь,,,электронный текст,омонимия не снята,"Ну, эти БАЛТИЙЦЫ, которые от немца ЛОЖИЛИ в ШТАНЫ? "
 --аздерп хесв яитивзар мзиманид теагалопдерп ътсонравТ,хыннежол,Тварностъ предполагает динамизм развития всех предза-- ,ложенных, ,"составляющих Целое, его видоизменение и перетекание",В. В.  Шелохаев. Дневник (2012),В. В.  Шелохаев,1941,Дневник,2012,бытовая,"дневник, записные книжки",политика и общественная жизнь | частная жизнь | история | администрация и управление,"Шелохаев В. В. Дневник историка. М.: РОССПЭН, 2013",2013,книга,омонимия не снята,"Одновременно Тварностъ предполагает динамизм развития всех предза-- ложенных составляющих Целое, его видоизменение и перетекание из одних форм в другие."
« ино адгоК,илижол,Когда они «,ложили,» «,медную» пачку из «Chicago» или «Blood,"Владимир Савич. Табуретка мира // «Ковчег», 2012",Владимир Савич,,Табуретка мира,2012,художественная,роман,,«Ковчег»,2012,журнал,омонимия не снята,"Когда они «ложили» «медную» пачку из «Chicago» или «Blood, sweat and tears», у понимающего народа случался духовный оргазм! "
" ешьладоп ,учноказ утобар как ,ее Я",ьтижол,"Я ее, как работу закончу, подальше ",ложить, ,стал.,"Дмитрий Карапузов. Моя дорогая Клаудия Шлиффер // «Волга», 2012",Дмитрий Карапузов,1964,Моя дорогая Клаудия Шлиффер,2012,художественная,рассказ,,«Волга»,2012,журнал,омонимия не снята,"Я ее, как работу закончу, подальше ложить стал."
" ен лоп ан ее адгокин ,тоВ",лижол,"Вот, никогда ее на пол не ",ложил,", ",никогда.,"Дмитрий Карапузов. Моя дорогая Клаудия Шлиффер // «Волга», 2012",Дмитрий Карапузов,1964,Моя дорогая Клаудия Шлиффер,2012,художественная,рассказ,,«Волга»,2012,журнал,омонимия не снята,"Вот, никогда ее на пол не ложил, никогда."
" ен лоп ан -- адук еще ,уклоп",лижол,"полку, еще куда -- на пол не ",ложил,.,,"Дмитрий Карапузов. Моя дорогая Клаудия Шлиффер // «Волга», 2012",Дмитрий Карапузов,1964,Моя дорогая Клаудия Шлиффер,2012,художественная,рассказ,,«Волга»,2012,журнал,омонимия не снята,"На верстак там, на полку, еще куда -- на пол не ложил."
 ишан отэ А,илижол,А это наши ,ложили,.,,Татьяна Соломатина. Мой одесский язык (2011),Татьяна Соломатина,1971,Мой одесский язык,2011,художественная,повесть,,Татьяна Соломатина. Мой одесский язык,2011,книга,омонимия не снята,А это наши ложили.
"« и »илалк« уджем ацинзар яакак ,ьтинчоту",илижол,"уточнить, какая разница между «клали» и «",ложили,»? ,,Татьяна Соломатина. Мой одесский язык (2011),Татьяна Соломатина,1971,Мой одесский язык,2011,художественная,повесть,,Татьяна Соломатина. Мой одесский язык,2011,книга,омонимия не снята,"Я хотел уточнить, какая разница между «клали» и «ложили»? "
" моробирп с -- ишан а ,илалк кинжылуб",илижол,"булыжник клали, а наши -- с прибором ",ложили,! ,,Татьяна Соломатина. Мой одесский язык (2011),Татьяна Соломатина,1971,Мой одесский язык,2011,художественная,повесть,,Татьяна Соломатина. Мой одесский язык,2011,книга,омонимия не снята,"Итальянцы булыжник клали, а наши -- с прибором ложили! "
" яакперк ,ясьшитсеркто ен ,ьшёдйу ен -- сав",анежол,"вас -- не уйдёшь, не открестишься, крепкая ",ложена, ,плотью тюрьма.,"Сергей Макин. Mater Dolorosa — Мать Скорбящая // «Наука и религия», 2011",Сергей Макин,,Mater Dolorosa — Мать Скорбящая,2011,публицистика,статья,история | искусство и культура,«Наука и религия»,2011,журнал,омонимия не снята,"Длинная, трудная, тяжкая лестница, многое множество, тьмущая тьма, -- вся я из вас -- не уйдёшь, не открестишься, крепкая ложена плотью тюрьма."
" оге меч еджерп ,ровтсар йындолох илзевирп",ьтижол,"привезли холодный раствор, прежде чем его ",ложить,", ",его надо нагреть с помощью горелки...,"Евгений Гусятинский. Кино для премьера // «Русский репортер», № 22 (200), 9 июня 2011",Евгений Гусятинский,,Кино для премьера,2011,публицистика,статья,"искусство и культура | досуг, зрелища и развлечения | администрация и управление | строительство и архитектура","«Русский репортер», № 22 (200), 9 июня 2011",2011,журнал,омонимия не снята,"Вот если привезли холодный раствор, прежде чем его ложить, его надо нагреть с помощью горелки..."
" ен ,юровог ми Я -- :тотэ ,ремирпан",етьжол,"например, этот: -- Я им говорю, не ",ложьте,", ",а они ложат.,Форум: Обсуждение фильма « Доживем до понедельника» (1968) (2007-2010),коллективный,,Форум: Обсуждение фильма « Доживем до понедельника» (1968),2007,электронная коммуникация,форум,"частная жизнь | досуг, зрелища и развлечения | искусство и культура",Интернет,,электронный текст,омонимия не снята,"Ну, например, этот: -- Я им говорю, не ложьте, а они ложат."
 еН« :анецс ястеанимопсВ,етьжол,Вспоминается сцена: «Не ,ложьте, ,"зеркало в парту, а они ложат!» ",Форум: Обсуждение фильма « Доживем до понедельника» (1968) (2007-2010),коллективный,,Форум: Обсуждение фильма « Доживем до понедельника» (1968),2007,электронная коммуникация,форум,"частная жизнь | досуг, зрелища и развлечения | искусство и культура",Интернет,,электронный текст,омонимия не снята,"Вспоминается сцена: «Не ложьте зеркало в парту, а они ложат!» "
"« еынжомзовесв итэ ,юинелажос к ,сачйеС",етьжол,"Сейчас, к сожалению, эти всевозможные «",ложьте,» ,"и «едьте -- заедьте» звучат повсеместно, даже",Форум: Обсуждение фильма « Доживем до понедельника» (1968) (2007-2010),коллективный,,Форум: Обсуждение фильма « Доживем до понедельника» (1968),2007,электронная коммуникация,форум,"частная жизнь | досуг, зрелища и развлечения | искусство и культура",Интернет,,электронный текст,омонимия не снята,"Сейчас, к сожалению, эти всевозможные «ложьте» и «едьте -- заедьте» звучат повсеместно, даже в хороших фильмах, на разных телеканалах, из уст очень даже приличных актеров и других деятелей."
" )оп( отч ,икватсирп еж ет теянидеосирп",ьтижол,"присоединяет те же приставки, что (по) ",ложить, (,"за-, поза-, пере-, у-, по-), а",Е. В. Падучева. [Дополнения и комментарии к статьям из сборника «Статьи разных лет»] (2009),Е. В. Падучева,1935,[Дополнения и комментарии к статьям из сборника «Статьи разных лет»],2009,учебно-научная,статья,филология | наука и технологии,Е. В. Падучева. Статьи разных лет,2009,книга,омонимия не снята,"Показательно, что (с) прятать присоединяет те же приставки, что (по) ложить (за-, поза-, пере-, у-, по-), а скрыть лишено приставочного выбора."
« апит яинешонзиорп огонтомаргзеб то трофмоксид йынвитакинуммок,ьтижОл,коммуникативный дискомфорт от безграмотного произношения типа «,лОжить,"», «","звОнишь», «средствА», «Эксперты», «дОсуг мОлодежи», «нАчать","О. Семенец. А Васька слушает, да ест! Риторика, или искусство говорить как путь к успеху // «Наука и жизнь», 2008",О. Семенец,,"А Васька слушает, да ест! Риторика, или искусство говорить как путь к успеху",2008,публицистика,статья,психология | филология | образование,«Наука и жизнь»,2008,журнал,омонимия не снята,"Мы можем говорить чётко и понятно, внятно и громко, но интеллигентный собеседник испытает коммуникативный дискомфорт от безграмотного произношения типа «лОжить», «звОнишь», «средствА», «Эксперты», «дОсуг мОлодежи», «нАчать», «углУбить», «зАвидно», «понЯл»."
 телибтрап ябет аз Я« :енм лазакс,ьтижол,сказал мне: «Я за тебя партбилет ,ложить, ,не буду!» ,"Рафаэль Гольдберг. Зачем вы остались живы? // «Родина», 2008",Рафаэль Гольдберг,,Зачем вы остались живы?,2008,публицистика,статья,политика и общественная жизнь | армия и вооруженные конфликты | история,«Родина»,2008,журнал,омонимия не снята,Он сказал мне: «Я за тебя партбилет ложить не буду!» 
" :яаназер как ,иьбаб-оп гурдв алисологаз ,вункыр",етьжол,"рыкнув, заголосила вдруг по-бабьи, как резаная: ",ложьте,", ","ложьте, сейчас же, где взяли, вашу",Марина Палей. Дань саламандре (2008),Марина Палей,1955,Дань саламандре,2008,художественная,роман,,Марина Палей. Дань саламандре,2012,книга,омонимия не снята,"Ее дикие детеныши, которых так и тянет назвать Ромул и Рем, перемазавшись машинным маслом, подрались из-за какой-то болванки, при этом волчица, хрипловато рыкнув, заголосила вдруг по-бабьи, как резаная: ложьте, ложьте, сейчас же, где взяли, вашу мать, это ж от израильского танка! "
" ,етьжол :яаназер как ,иьбаб-оп гурдв алисологаз",етьжол,"заголосила вдруг по-бабьи, как резаная: ложьте, ",ложьте,", ","сейчас же, где взяли, вашу мать",Марина Палей. Дань саламандре (2008),Марина Палей,1955,Дань саламандре,2008,художественная,роман,,Марина Палей. Дань саламандре,2012,книга,омонимия не снята,"Ее дикие детеныши, которых так и тянет назвать Ромул и Рем, перемазавшись машинным маслом, подрались из-за какой-то болванки, при этом волчица, хрипловато рыкнув, заголосила вдруг по-бабьи, как резаная: ложьте, ложьте, сейчас же, где взяли, вашу мать, это ж от израильского танка! "
" ушак ,мохрев с ,кат тоВ",илижол,"Вот так, с верхом, кашу ",ложили,", -- ",говорил он и делал над пустой,Андрей Геласимов. Степные боги (2008),Андрей Геласимов,1966,Степные боги,2008,художественная,роман,,А. Геласимов. Степные боги,2008,книга,омонимия не снята,"Вот так, с верхом, кашу ложили, -- говорил он и делал над пустой тарелкой круглое движение рукой, в которой дымилась зажженная папироса."
,етьжоЛ,,Ложьте, ,"обратно, это ж лабораторные мышки, на","Зиновий Юрьев. Смертельное бессмертие // «Наука и жизнь», 2007",Зиновий Юрьев,,Смертельное бессмертие,2007,художественная,роман,,«Наука и жизнь»,2007,журнал,омонимия не снята,"Ложьте обратно, это ж лабораторные мышки, на них опыты ставят, мне за них Александр Владимирович голову оторвет."
" асаерднА адук ,илидорогто йоннав в котукаЗ",ьтижол,"Закуток в ванной отгородили, куда Андреаса ",ложить,", -- ",напомнил Юраш.,Михаил Гиголашвили. Чертово колесо (2007),Михаил Гиголашвили,1954,Чертово колесо,2007,художественная,роман,,М. Гиголашвили. Чертово колесо,2009,книга,омонимия не снята,"Закуток в ванной отгородили, куда Андреаса ложить, -- напомнил Юраш."
 чиприК,ьтижол,Кирпич ,ложить,", ","фундамент заливать, по столярке-малярке все","Алексей Слаповский. Синдром Феникса // «Знамя», 2006",Алексей Слаповский,1957,Синдром Феникса,2006,художественная,роман,,«Знамя»,2006,журнал,омонимия не снята,"Кирпич ложить, фундамент заливать, по столярке-малярке все умею, -- приукрашивал свои способности Абдрыков."
“ мывоканз и йинераду меортс мыни )аверибиЧ,ьтижол,Чибирева) иным строем ударений и знаковым “,ложить,"”, ",издевательски частым для эстетского уха.,Сергей Носов. Грачи улетели (2005),Сергей Носов,1957,Грачи улетели,2005,художественная,роман,,Носов С. Грачи улетели,2005,книга,омонимия не снята,"Их приглушенная речь отличалась (от языка Щукина и Чибирева) иным строем ударений и знаковым “ложить”, издевательски частым для эстетского уха."
 укшудоп доп кибуз ныс монс дереП,лижол,Перед сном сын зубик под подушку ,ложил, ,а ночью мышка прибегела зубик завирала,Наши дети: Дошколята и младшие школьники (форум) (2005),,,Наши дети: Дошколята и младшие школьники (форум),2005,электронная коммуникация,форум,частная жизнь,Форум на eva.ru,2005,электронный текст,омонимия не снята,Перед сном сын зубик под подушку ложил а ночью мышка прибегела зубик завирала а оставляла деньюшку: D
" ,ьтсоньлетяед яаводор яабалс олыб ёен У",илижол,"У неё было слабая родовая деятельность, ",ложили, ,под капельницу.,Беременность: Планирование беременности (форум) (2005),,,Беременность: Планирование беременности (форум),2005,электронная коммуникация,форум,частная жизнь,Форум на eva.ru,2005,электронный текст,омонимия не снята,"У неё было слабая родовая деятельность, ложили под капельницу."
 оньлиретс кибют тотэ в а,ьтижол,а в этот тюбик стерильно ,ложить, ,КАЛ???» ,Наши дети: Малыши до года (форум) (2004),,,Наши дети: Малыши до года (форум),2004,электронная коммуникация,форум,частная жизнь,Форум на eva.ru,2005,электронный текст,омонимия не снята,а в этот тюбик стерильно ложить КАЛ???» 
 етедуб ежзоп ьтуч оге ыВ илсе,ьтижол,если Вы его чуть позже будете ,ложить,", ","то «проспите» одно кормление:) Моя, например",Наши дети: Малыши до года (форум) (2004),,,Наши дети: Малыши до года (форум),2004,электронная коммуникация,форум,частная жизнь,Форум на eva.ru,2005,электронный текст,омонимия не снята,"Может если Вы его чуть позже будете ложить, то «проспите» одно кормление:) Моя, например, если ложиться в 8.30-9.00, то встает между 3-4 часами ночи."
"« ,)еинераду удив в ястееми("" тин́овзоп« тяровог",ьтижол,"говорят «позво́нит ""(имеется в виду ударение), «",ложить,» ,"иногда в речи проскальзывает, но они",Женщина + мужчина: Психология любви (форум) (2004),,,Женщина + мужчина: Психология любви (форум),2004,электронная коммуникация,форум,частная жизнь,Форум на eva.ru,2005,электронный текст,омонимия не снята,"Во-вторых, два моих начальника говорят «позво́нит ""(имеется в виду ударение), «ложить» иногда в речи проскальзывает, но они пишут без ошибок, и их никак нельзя назвать людьми с низким уровнем развития."
-ьтидас адут акнебар и лоп ан,ьтижол,на пол и рабенка туда садить-,ложить,-,класть и пусть он там тусит,Женщина + мужчина: Брак (форум) (2004),,,Женщина + мужчина: Брак (форум),2004,электронная коммуникация,форум,частная жизнь,Форум на eva.ru,2005,электронный текст,омонимия не снята,"о, вспомнила, мы вот решили тоже новое одеяло покупать, а старое пустить на то, чтобы стелить на пол и рабенка туда садить-ложить-класть и пусть он там тусит, т.к. у нас ковров нет, а на ламинат-кафель дите укладывать не очень как-то, вот и вы неподходящее так же как нибудь пристройте"
 ыволомас одан и йен оп отч,ьтижол,что по ней и надо самоловы ,ложить,.,,Михаил Тарковский. Ложка супа (2003),Михаил Тарковский,1958,Ложка супа,2003,художественная,рассказ,,М. Тарковский. Замороженное время,2018,книга,омонимия не снята,"Напротив же деревни в тихую погоду проступала по зеркальной воде синяя и извилистая полоса ряби, и старики говорили, что по ней и надо самоловы ложить."
" нимак ,ечорок ,уме я ,лиортс учад",лижол,"дачу строил, я ему, короче, камин ",ложил,.,,"Михаил Тарковский. Кондромо // «Октябрь», 2003",Михаил Тарковский,1958,Кондромо,2003,художественная,повесть,,«Октябрь»,2003,журнал,омонимия не снята,"Он дачу строил, я ему, короче, камин ложил."
" -о псар ончыбо имыроток уджем ,атсорыв",анежол,"выроста, между которыми обычно расп о- ",ложена, ,вершина эпипрокта (рис.,Л. Жильцова. Веснянки (plecoptera). Группа euholognatha (2003),Л. Жильцова,,Веснянки (plecoptera). Группа euholognatha,2003,учебно-научная,монография,биология | наука и технологии,Л. Жильцова. Веснянки (plecoptera). Группа euholognatha,2003,книга,омонимия не снята,"10-й тергит со светлой впадиной, по сторонам от нее 2 заострен- ные, изогнутые и направленные назад выроста, между которыми обычно расп о- ложена вершина эпипрокта (рис."
« ьтировог икшувед аренам теажардзар ен ее,ьтижол,ее не раздражает манера девушки говорить «,ложить,» ,и «покласть».,Дарья Донцова. Микстура от косоглазия (2003),Дарья Донцова,1952,Микстура от косоглазия,2003,художественная,роман,,Дарья Донцова. Микстура от косоглазия,2003,книга,омонимия не снята,"Через полгода Рената с огромным удивлением поняла, что совершенно искренне считает Ксюшу своей подружкой и что ее не раздражает манера девушки говорить «ложить» и «покласть»."
" мотоп а ,мокталп сон аларитыв ,ьсалялымху",алижол,"ухмылялась, вытирала нос платком, а потом ",ложила, ,его на стол».,Дарья Донцова. Микстура от косоглазия (2003),Дарья Донцова,1952,Микстура от косоглазия,2003,художественная,роман,,Дарья Донцова. Микстура от косоглазия,2003,книга,омонимия не снята,"Весь урок искала зашвырнутую вещь, злостно ухмылялась, вытирала нос платком, а потом ложила его на стол»."
"« угород отч умотоп ,телотрев -- яинеживдереп овтсдерС",илижол,"Средство передвижения -- вертолет, потому что дорогу «",ложили,» ,"по вечной мерзлоте, а это коварный","Михаил Рощин ,  Татьяна Бутрова. Драматургия и проза жизни // «Октябрь», 2003",Михаил Рощин | Татьяна Бутрова,1933,Драматургия и проза жизни,2003,публицистика,интервью,искусство и культура,«Октябрь»,2003,журнал,омонимия не снята,"Средство передвижения -- вертолет, потому что дорогу «ложили» по вечной мерзлоте, а это коварный противник: пройдет вездеход или трактор, сорвет верхний слой почвы, и мерзлота (смерзшийся песок и земля) начинает оттаивать и проваливаться."
"-дерп ,икиткат течс аз оге илисонто",йоннежол,"относили его за счет тактики, пред-",ложенной, ,Мэттлоком -- Лефевром.,"Галина Бельская. Привет, Джо! // «Знание ― сила», 2003",Галина Бельская,,"Привет, Джо!",2003,публицистика,некролог,наука и технологии,«Знание ― сила»,2003,журнал,омонимия не снята,"Впоследствии аналитики, высоко оценивая успех встречи президентов, относили его за счет тактики, пред-ложенной Мэттлоком -- Лефевром."
"« тудуб адгесв ,иинелвотогзи ирп итсоннебосо еынчилзар",ьтижол,"различные особенности при изготовлении, всегда будут «",ложить, ,пули» заметно выше или ниже от,"Стрельба в горах // «Боевое искусство планеты», 2003.10.18",,,Стрельба в горах,2003,учебно-научная,статья,армия и вооруженные конфликты,«Боевое искусство планеты»,2003.10.18,журнал,омонимия не снята,"К тому же разные партии патронов при стрельбе из стволов с различной степенью изношенности, имеющих различные особенности при изготовлении, всегда будут «ложить пули» заметно выше или ниже от расчетных точек прицеливания."
" ен воломас« ежу ятох ,сачйес и",алижол,"и сейчас, хотя уже «самолов не ",ложила,"», ",а ставила только сеть под коргой,"Михаил Тарковский. Жизнь и книга // «Октябрь», 2002",Михаил Тарковский,1958,Жизнь и книга,2002,художественная,очерк,,«Октябрь»,2002,журнал,омонимия не снята,"Рыбачила она всю жизнь, девчонкой, когда отец болел, военными зимами, не жалея рук, в бабьей бригаде, и сейчас, хотя уже «самолов не ложила», а ставила только сеть под коргой, которую каждое утро проверяла на гребях..."
 тьлавса йомиз -- иламуду еж тоВ,ьтижол,Вот же удумали -- зимой асвальт ,ложить,! ,,Евгений Прошкин. Эвакуация (2002),Евгений Прошкин,1970,Эвакуация,2002,художественная,рассказ,,,,книга,омонимия не снята,Вот же удумали -- зимой асвальт ложить! 
" уссартолпет удог молшорп в едг ,мат",илижол,"там, где в прошлом году теплотрассу ",ложили,? ,,Сергей Таранов. Черт за спиной (2001),Сергей Таранов,1948,Черт за спиной,2001,художественная,роман,,Сергей Таранов. Черт за спиной,2001,книга,омонимия не снята,"Это там, где в прошлом году теплотрассу ложили? "
" )оп( — ьтажел ,ьтитпок — ьтетпок ,ьтитяпик — ьтепик",ьтижол,"кипеть — кипятить, коптеть — коптить, лежать — (по) ",ложить,", ","липнуть (ср. прильнуть) — лепить, мокнуть — мочить",Е. В. Падучева. Каузативный глагол и декаузатив в русском языке (2001),Е. В. Падучева,1935,Каузативный глагол и декаузатив в русском языке,2001,учебно-научная,статья,филология | наука и технологии,Е. В. Падучева. Статьи разных лет,2009,книга,омонимия не снята,"И многие русские каузативные глаголы являются, исторически или даже синхронно, каузативами медиальных, ср. бдеть — будить, висеть — повесить, гнить — гноить, задохнуться — задушить, кипеть — кипятить, коптеть — коптить, лежать — (по) ложить, липнуть (ср. прильнуть) — лепить, мокнуть — мочить, ослабнуть — ослабить, плыть — плавить, погибнуть — погубить, погрязнуть — погрузить, пылать — палить, расти — растить, рухнуть — рушить, сидеть — (по) садить, *смясти (ср. смятение) — смутить, сохнуть — сушить, спать — усыпить, стоять — (по) ставить, стыть — студить, (у) тонуть — (у) топить, умереть — уморить и др."
 хыньлоб сан У,ьтижол,У нас больных ,ложить, ,"некуда, а здесь!» ",Татьяна Набатникова. День рождения кошки (2001),Татьяна Набатникова,1948,День рождения кошки,2001,художественная,рассказ | цикл,,Татьяна Набатникова. День рождения кошки,2001,книга,омонимия не снята,"У нас больных ложить некуда, а здесь!» "
« :лазакс и каТ,ьтижол,Так и сказал: «,ложить,».,,Татьяна Набатникова. День рождения кошки (2001),Татьяна Набатникова,1948,День рождения кошки,2001,художественная,рассказ | цикл,,Татьяна Набатникова. День рождения кошки,2001,книга,омонимия не снята,Так и сказал: «ложить».
 рех ым А,илижол,А мы хер ,ложили, ,на их приказы.,"Василь Быков. На болотной стежке (2000) // «Звезда», 2001",Василь Быков,1924,На болотной стежке,2000,художественная,рассказ,,«Звезда»,2001,журнал,омонимия не снята,А мы хер ложили на их приказы.
" ,ьтертомс оген ан илширп еыроток ,чясыт",илижол,"тысяч, которые пришли на него смотреть, ",ложили, ,за вход ручные часы с браслеткой.,Асар Эппель. Сладкий воздух (1990-2000),Асар Эппель,1935,Сладкий воздух,1990-2000,художественная,рассказ,,Асар Эппель. Шампиньон моей жизни,2000,книга,омонимия не снята,"Да когда туда приехал Михоэлс, все пять тысяч, которые пришли на него смотреть, ложили за вход ручные часы с браслеткой."
"« ,лаксупс ен ешьлоб ежу еен с",лижол,"с нее уже больше не спускал, «",ложил, ,"глаз», а после кино подходил к",Евгений Попов. Пивные дрожжи (1970-2000),Евгений Попов,1946,Пивные дрожжи,1970-2000,художественная,рассказ,,Е. Попов. Собр. соч. в 2 т,2001,книга,омонимия не снята,"Глаз с нее уже больше не спускал, «ложил глаз», а после кино подходил к ней и заводил на ночной улице деловой разговор: врал, звал, клялся, упрашивал, молил, заклинал."
« и »етинивзи« отсемв »ьсюянивзи« :лировог и,етьжол,и говорил: «извиняюсь» вместо «извините» и «,ложьте,» ,вместо «положите» -- и никак не мог,Евгений Евтушенко. «Волчий паспорт» (1999),Евгений Евтушенко,1933,«Волчий паспорт»,1999,публицистика,мемуары,,Евгений Евтушенко. Волчий паспорт,1999,книга,омонимия не снята,"Да, он так и говорил: «извиняюсь» вместо «извините» и «ложьте» вместо «положите» -- и никак не мог выговорить «Азербайджан»."
 онжом екьсО к и ьрепеТ,ьтижол,Теперь и к Оське можно ,ложить,.,,Сергей Каледин. Записки гробокопателя (1987-1999),Сергей Каледин,1949,Записки гробокопателя,1987-1999,художественная,повесть | цикл,,Сергей Каледин. Записки гробокопателя,2001,книга,омонимия не снята,Теперь и к Оське можно ложить.
" :инмопаз ежот ,шиМ ,ыТ",ьтижол,"Ты, Миш, тоже запомни: ",ложить, ,меня только туда.,Сергей Каледин. Записки гробокопателя (1987-1999),Сергей Каледин,1949,Записки гробокопателя,1987-1999,художественная,повесть | цикл,,Сергей Каледин. Записки гробокопателя,2001,книга,омонимия не снята,"Ты, Миш, тоже запомни: ложить меня только туда."
 :юаничаН,ьтижол,Начинаю: ,ложить, ,или класть? ,Валерий Аграновский. Вторая древнейшая. Беседы о журналистике (1976-1999),Валерий Аграновский,1929,Вторая древнейшая. Беседы о журналистике,1976-1999,публицистика,монография,искусство и культура,В. Аграновский. Вторая древнейшая. Беседы о журналистике,1999,книга,омонимия не снята,Начинаю: ложить или класть? 
" ...убжулс ан дед а	  ,лижулс дед",лижол,"дед служил,  	а дед на службу... ",ложил,.,,Андрей Вознесенский. На виртуальном ветру (1998),Андрей Вознесенский,1933,На виртуальном ветру,1998,публицистика,мемуары,,Андрей Вознесенский. На виртуальном ветру,1998,книга,омонимия не снята,"Леха, служи, как дед служил,  	а дед на службу... ложил."
"« :алировог и алако онтяоревен ,йокночвед алыб",етьжоЛ,"была девчонкой, невероятно окала и говорила: «",Ложьте,", ",ложьте».,Галина Щербакова. Армия любовников (1997),Галина Щербакова,1932,Армия любовников,1997,художественная,роман,,Галина Щербакова. Армия любовников,2001,книга,омонимия не снята,"Ольга смутно помнила его матушку, которая приезжала с Урала, когда она была девчонкой, невероятно окала и говорила: «Ложьте, ложьте»."
" ,етьжоЛ« :алировог и алако онтяоревен ,йокночвед",етьжол,"девчонкой, невероятно окала и говорила: «Ложьте, ",ложьте,».,,Галина Щербакова. Армия любовников (1997),Галина Щербакова,1932,Армия любовников,1997,художественная,роман,,Галина Щербакова. Армия любовников,2001,книга,омонимия не снята,"Ольга смутно помнила его матушку, которая приезжала с Урала, когда она была девчонкой, невероятно окала и говорила: «Ложьте, ложьте»."
"« :уме алазакс ен ьтуч агьлО ,волубмаТ",етьжоЛ,"Тамбулов, Ольга чуть не сказала ему: «",Ложьте,", ","ложьте», -- засмеялась, смех естественным путем организовал",Галина Щербакова. Армия любовников (1997),Галина Щербакова,1932,Армия любовников,1997,художественная,роман,,Галина Щербакова. Армия любовников,2001,книга,омонимия не снята,"Поэтому, когда раздался телефонный звонок и некто сказал, что он Вася Тамбулов, Ольга чуть не сказала ему: «Ложьте, ложьте», -- засмеялась, смех естественным путем организовал радушие, гостеприимство, и Вася, как теперь говорят, нарисовался."
" ,етьжоЛ« :уме алазакс ен ьтуч агьлО",етьжол,"Ольга чуть не сказала ему: «Ложьте, ",ложьте,"», -- ","засмеялась, смех естественным путем организовал радушие",Галина Щербакова. Армия любовников (1997),Галина Щербакова,1932,Армия любовников,1997,художественная,роман,,Галина Щербакова. Армия любовников,2001,книга,омонимия не снята,"Поэтому, когда раздался телефонный звонок и некто сказал, что он Вася Тамбулов, Ольга чуть не сказала ему: «Ложьте, ложьте», -- засмеялась, смех естественным путем организовал радушие, гостеприимство, и Вася, как теперь говорят, нарисовался."
 я уталпраз юовс а еталпраз к,алижол,к зарплате а свою зарплату я ,ложила, ,накнижку сберегательную».,"Наталия Козлова. Логика Жизни // «Знание - сила», 1997",Наталия Козлова,,Логика Жизни,1997,публицистика,статья,политика и общественная жизнь | частная жизнь | социология | искусство и культура,«Знание - сила»,1997,журнал,омонимия не снята,Она «жила бутилкамы здаю вот мне и добавок к зарплате а свою зарплату я ложила накнижку сберегательную».
 	еинет́ербози,ьтиж́ол,изобре́тение	 ,ло́жить,	 ,возбу́ждено,"Евгений Весник. Дарю, что помню (1997)",Евгений Весник,1923,"Дарю, что помню",1997,публицистика,мемуары,,"Евгений Весник. Дарю, что помню",1997,книга,омонимия не снята,изобре́тение	 ло́жить	 возбу́ждено
" екчур ан ,еоньлаво ежад аречВ",илижол,"Вчера даже овальное, на ручке ",ложили, -- ,представляете? ,Георгий Полонский. Доживем до понедельника (1966-1968-1997),Георгий Полонский,1939,Доживем до понедельника,1966-1968 | 1997,художественная,повесть,,Полонский Георгий. Три киноповести о школе,1980,книга,омонимия не снята,"Вчера даже овальное, на ручке ложили -- представляете? "
""" --",ьтижоЛ,"-- """,Ложить,""" -- ",нет такого глагола.,Георгий Полонский. Доживем до понедельника (1966-1968-1997),Георгий Полонский,1939,Доживем до понедельника,1966-1968 | 1997,художественная,повесть,,Полонский Георгий. Три киноповести о школе,1980,книга,омонимия не снята,"Ложить"" -- нет такого глагола."
" зар окьлоксен я отч ,иираМ лировог",лижол,"говорил Марии, что я несколько раз ",ложил, ,"трубку, когда мне надоедала его пьяная",В. И. Максимов. Дневник научного сотрудника (1995),В. И. Максимов,1934,Дневник научного сотрудника,1995,бытовая,"дневник, записные книжки",политика и общественная жизнь | частная жизнь | естественные науки | администрация и управление,"Дневник научного сотрудника Киевского политехнического института. Киев, 2003.",2003,книга,омонимия не снята,"Очевидно Тронько говорил Марии, что я несколько раз ложил трубку, когда мне надоедала его пьяная болтовня."
-то еьпурК,лижол,Крупье от-,ложил, ,журнал и встал.,Д. Н. Каралис. Дневник (1994),Д. Н. Каралис,1949,Дневник,1994,бытовая,"дневник, записные книжки","бизнес, коммерция, экономика, финансы | частная жизнь | политика и общественная жизнь | искусство и культура","Каралис Д. Н. Петербургские хроники: 1983-2010 гг. Роман-дневник. СПб, Издательский дом “Коло”, 2011.",2011,книга,омонимия не снята,Крупье от-ложил журнал и встал.
 ен и лавыдикдоп ен огечин хин,лижол,них ничего не подкидывал и не ,ложил,.,,Асар Эппель. Неотвожа (1993),Асар Эппель,1935,Неотвожа,1993,художественная,рассказ,,Асар Эппель. Шампиньон моей жизни,2000,книга,омонимия не снята,"снова забормотал сквозь пуговицу во рту Анатолий Панфилыч, устраивая где-то по бокам ру́ки ладошкой, но никто в них ничего не подкидывал и не ложил."
" ьсидас ,акьнешилуГ« :ьтапс оге ьтижолу ,оген",ьтижол,"него, уложить его спать: «Гулишенька, садись ",ложить, ,"Алю», просит спеть ему определенную песенку.",Зоя Масленикова. Жизнь отца Александра Меня (1992),Зоя Масленикова,1923,Жизнь отца Александра Меня,1992,публицистика,биография,,Зоя Масленикова. Александр Мень. Жизнь,2002,книга,омонимия не снята,"Просит посидеть возле него, уложить его спать: «Гулишенька, садись ложить Алю», просит спеть ему определенную песенку."
 инО,илижол,Они ,ложили, ,"мужичка под танк, и девушку видели","Владимир Чернов. Затмение // «Огонек». № 9 (3319), 1991",Владимир Чернов,,Затмение,1991,публицистика,статья,политика и общественная жизнь,«Огонек». № 9 (3319),1991,журнал,омонимия не снята,"Они ложили мужичка под танк, и девушку видели, которая ложилась под танк, и ее чик-чик-чик -- фотографировали, а потом она -- жива-здорова! "
 оге агереС отэ -- тов уН,лижол,Ну вот -- это Серега его ,ложил,.,,Александр Терехов. Мемуары срочной службы (1991),Александр Терехов,1966,Мемуары срочной службы,1991,художественная,повесть,,А. Терехов. Это невыносимо светлое будущее,2009,книга,омонимия не снята,Ну вот -- это Серега его ложил.
" -- жараг в уди ,ценокан ,сачйес и",ьтижол,"и сейчас, наконец, иду в гараж -- ",ложить,.,,В. В. Ершов. Дневник (1991) // Летные дневники. 1984-2002 годы / Проза.ru,В. В. Ершов,1944,Дневник,1991,бытовая,"дневник, записные книжки",частная жизнь | транспорт,Летные дневники. 1984-2002 годы / Проза.ru,,электронное издание,омонимия не снята,"За два дня я все приготовил, натаскал кирпича, частью с дачи, частью с крыш гаражей, где его валяется предостаточно, привез глины, песку, сочинил в полете чертеж, и сейчас, наконец, иду в гараж -- ложить."
" икчеп ;аверед оготсич зи ,юунторбод ,арялотс",илижол,"столяра, добротную, из чистого дерева; печки ",ложили, ,"печники; сосед, сухорукий сапожник дядя Гриша",В. В. Ершов. Дневник (1991) // Летные дневники. 1984-2002 годы / Проза.ru,В. В. Ершов,1944,Дневник,1991,бытовая,"дневник, записные книжки",частная жизнь | транспорт,Летные дневники. 1984-2002 годы / Проза.ru,,электронное издание,омонимия не снята,"Обувь сапожники тачали на дому; костюмы и платья заказывали мадиске (модистке), тоже на дому; за парным молоком я с бидончиком ходил к бабке; мебель делали столяра, добротную, из чистого дерева; печки ложили печники; сосед, сухорукий сапожник дядя Гриша Золотко, дымя махоркой, подбивал подошвы моих башмаков кожимитом, березовыми гвоздями: «Це будэ стоить сорок пьять копеек…» Между прочим, чуть не всего Лермонтова наизусть знал."
"« ,»ьтянирп« )яинераду меинечанзобо с( едг ,имяинечер",ьтижол,"речениями, где (с обозначением ударения) «принять», «",ложить,» ,и пр.,"С. Н. Cеманов. Дневник (1990) // Дневник 1990 года // НЛО. 2007, №84., 2004",С. Н. Cеманов,1934,Дневник,1990,публицистика,"дневник, записные книжки",политика и общественная жизнь | частная жизнь | искусство и культура,"Дневник 1990 года // НЛО. 2007, №84.",2004,журнал,омонимия не снята,"В «М[осковском] К[омсомольце]» недавно был фельетон о нем язвительный, а в лен[инградской] «Смене» -- плакат с его речениями, где (с обозначением ударения) «принять», «ложить» и пр."
 --,етьжоЛ,-- ,Ложьте, ,ваши сумки! ,С. Л. Рябцева. Дети восьмидесятых (1989),С. Л. Рябцева,,Дети восьмидесятых,1989,публицистика,монография,образование,С. Л. Рябцева. Дети восьмидесятых,1989,книга,омонимия не снята,Ложьте ваши сумки! 
,етьжоЛ,,Ложьте,", ",вам говорят! ,С. Л. Рябцева. Дети восьмидесятых (1989),С. Л. Рябцева,,Дети восьмидесятых,1989,публицистика,монография,образование,С. Л. Рябцева. Дети восьмидесятых,1989,книга,омонимия не снята,"Ложьте, вам говорят! "
 ен ешчул лотс йинхи аН,ьтижол,На ихний стол лучше не ,ложить,", -- ","сказала она иностранке, -- Дора Филимоновна Кожух.",С. Е. Каледин. Коридор (1987),С. Е. Каледин,1949,Коридор,1987,художественная,повесть,,Сергей Каледин. Стройбат. Повести и рассказы,1991,книга,омонимия не снята,"На ихний стол лучше не ложить, -- сказала она иностранке, -- Дора Филимоновна Кожух."
 акнебер оголам каК,илижол,Как малого ребенка ,ложили, ,и поднимали.,Юрий Казаков. Мальчик из снежной ямы (1983),Юрий Казаков,1927,Мальчик из снежной ямы,1983,публицистика,очерк,,Казаков Ю. П. Две ночи: Проза. Заметки. Наброски,1986,книга,омонимия не снята,Как малого ребенка ложили и поднимали.
 адуК,ьтижол,Куда ,ложить,? ,,Евгений Евтушенко. Ягодные места (1982),Евгений Евтушенко,1932,Ягодные места,1982,художественная,роман,,Евгений Евтушенко. Ягодные места,1982,книга,омонимия не снята,Куда ложить? 
" инзиж ,ьтавилорп ьворк туде ,ынидоР икинтищаз",ьтижол,"защитники Родины, едут кровь проливать, жизни ",ложить,...,,Вячеслав Кондратьев. Сашка (1979),Вячеслав Кондратьев,1920,Сашка,1979,художественная,повесть,,"Вячеслав Кондратьев «Сашка», Виктор Курочкин «На войне как на войне»",2004,книга,омонимия не снята,"Это когда по Сибири катили, глядели на них все жалостливо, руками махали, приветствовали, а бабы некоторые даже крестом осеняли их вагоны -- едут защитники Родины, едут кровь проливать, жизни ложить..."
 инзиж и илавилорп ьворк отч и,илижол,и что кровь проливали и жизни ,ложили,", ",а кое-кто в тылу на казенных,Вячеслав Кондратьев. Сашка (1979),Вячеслав Кондратьев,1920,Сашка,1979,художественная,повесть,,"Вячеслав Кондратьев «Сашка», Виктор Курочкин «На войне как на войне»",2004,книга,омонимия не снята,"Заорали кто во что горазд -- и что кровь проливали и жизни ложили, а кое-кто в тылу на казенных харчах морды отъедает..."
 онжом екьсО к и ьрепеТ,ьтижол,Теперь и к Оське можно ,ложить,.,,С. Е. Каледин. Смиренное кладбище (1979),С. Е. Каледин,1949,Смиренное кладбище,1979,художественная,повесть,,Сергей Каледин. Стройбат. Повести и рассказы,1994,книга,омонимия не снята,Теперь и к Оське можно ложить.
" :инмопаз ежот ,шиМ ,ыТ",ьтижол,"Ты, Миш, тоже запомни: ",ложить, ,меня только туда.,С. Е. Каледин. Смиренное кладбище (1979),С. Е. Каледин,1949,Смиренное кладбище,1979,художественная,повесть,,Сергей Каледин. Стройбат. Повести и рассказы,1994,книга,омонимия не снята,"Ты, Миш, тоже запомни: ложить меня только туда."
 исд хасеретни хиовс в ыб ятох,лижол,хотя бы в своих интересах дси ,ложил,: ,"выдал свою версию, подстраховался своей легендой.",Виктор Конецкий. Начало конца комедии (1978),Виктор Конецкий,1929,Начало конца комедии,1978,художественная,рассказ | цикл,,Конецкий В. Начало конца комедии,1978,книга,омонимия не снята,"А я все-таки рассчитывал, что вахтенный помощник доложил капитану о ночной истории -- хотя бы в своих интересах дси ложил: выдал свою версию, подстраховался своей легендой."
 сав еж юукснеж в ен ьдев,ьтижол,ведь не в женскую же вас ,ложить,! ,,Е. С. Гинзбург. Крутой маршрут: Часть 2 (1975-1977),Е. С. Гинзбург,1906,Крутой маршрут: Часть 2,1975,публицистика,мемуары,,Евгения Гинзбург. Крутой маршрут,1990,книга,омонимия не снята,Дак ведь не в женскую же вас ложить! 
« :ливабод ман к ьсишвунревоп А,лижоЛ,А повернувшись к нам добавил: «,Ложил, ,я на него с прибором!» ,Н. Н. Никулин. Воспоминания о войне (1975),Н. Н. Никулин,1923,Воспоминания о войне,1975,публицистика,мемуары,,Никулин Н. Н. Воспоминания о войне,2008,книга,омонимия не снята,А повернувшись к нам добавил: «Ложил я на него с прибором!» 
" товиж ан уклерг и ,алапук етырок",алижол,"корыте купала, и грелку на живот ",ложила,", ",когда он болел.,Владимир Войнович. Жизнь и необычайные приключения солдата Ивана Чонкина (1969-1975),Владимир Войнович,1932,Жизнь и необычайные приключения солдата Ивана Чонкина,1969,художественная,роман,,Владимир Войнович. Жизнь и приключения солдата Чонкина,2000,книга,омонимия не снята,"И молоком из бутылки через соску поила, и в корыте купала, и грелку на живот ложила, когда он болел."
 зар хыретясед аН,ьтижол,На десятерых раз ,ложить, ,много.,Федор Абрамов. Деревянные кони (1969),Федор Абрамов,1920,Деревянные кони,1969,художественная,рассказ,,Абрамов Ф. А. Деревянные кони: Повести и рассказы,1978,книга,омонимия не снята,На десятерых раз ложить много.
-од-д-д етишерзаР,ьтижол,Разрешите д-д-до-,ложить,...,,Константин Симонов. Так называемая личная жизнь/ Четыре шага (1956-1965),Константин Симонов,1915,Так называемая личная жизнь/ Четыре шага,1956,художественная,повесть,,Симонов К. М. Собр. соч.: В 10 т. Т.7,1982,книга,омонимия не снята,Разрешите д-д-до-ложить...
 анжлод анО« :еиначемаз алаледс еритравк йоратс,ьтижол,старой квартире сделала замечание: «Она должна ,ложить, ,детей и нужно ограничить шум».,В. А. Швец. Дневник (1964),В. А. Швец,1916,Дневник,1964,бытовая,"дневник, записные книжки",частная жизнь | образование | искусство и культура,Смирнов В. А. Реквием ХХ века: в 5-ти ч. Астропринт 2004--2013гг.,2004-2013,книга,омонимия не снята,Новая хозяйка в старой квартире сделала замечание: «Она должна ложить детей и нужно ограничить шум».
,ьтижол,,ложить,	,класть,К. И. Чуковский. Живой как жизнь (разговор о русском языке) (1962),К. И. Чуковский,1882,Живой как жизнь (разговор о русском языке),1962,публицистика,монография,филология | наука и технологии,К. И. Чуковский. Живой как жизнь (разговор о русском языке),1962,книга,омонимия не снята,ложить	класть
" ,еинахыд еонневтссукси илалеД …уднамок ьтязв ьсолширП",илижол,"Пришлось взять команду… Делали искусственное дыхание, ",ложили, ,"на живот, воды совсем мало вышло",Юрий Трифонов. Утоление жажды (1959-1962),Юрий Трифонов,1925,Утоление жажды,1959,художественная,роман,,Ю. В. Трифонов. Утоление жажды,1970,книга,омонимия не снята,"Ниязов в Керках, вас нет… Пришлось взять команду… Делали искусственное дыхание, ложили на живот, воды совсем мало вышло, один песок."
,илижоЛ,,Ложили, ,"обои, шла побелка, мойка полов.",В. А. Швец. Дневник (1960),В. А. Швец,1916,Дневник,1960,бытовая,"дневник, записные книжки",частная жизнь | образование | искусство и культура,Смирнов В. А. Реквием ХХ века: в 5-ти ч. Астропринт 2004--2013гг.,2004-2013,книга,омонимия не снята,"Ложили обои, шла побелка, мойка полов."
 хи адуК,ьтижол,Куда их ,ложить,? ,,А. И. Солженицын. Правая кисть (1960),А. И. Солженицын,1918,Правая кисть,1960,художественная,рассказ,,Солженицын А. На краях,2000,книга,омонимия не снята,Куда их ложить? 
 акнебер оголам каК,илижол,Как малого ребенка ,ложили, ,и поднимали.,Юрий Казаков. Северный дневник (1960),Юрий Казаков,1927,Северный дневник,1960,художественная,очерк,,Избранное: Рассказы. Северный дневник,1985,книга,омонимия не снята,Как малого ребенка ложили и поднимали.
 надомеч в мокос с акок сан,ьтижол,нас кока с соком в чемодан ,ложить,.,,Б. В. Шергин. Мартынко (1930-1960),Б. В. Шергин,1893,Мартынко,1930,художественная,сказка,,Борис Шергин. Повести и рассказы,1987,книга,омонимия не снята,Есть у нас кока с соком в чемодан ложить.
 ачиприк ирт в ынетс -- йикперк ош,ынежол,шо крепкий -- стены в три кирпича ,ложены,", ","как добрая фортеця, -- а и то","П. А. Сажин. Трамонтана (1959) // «Современник», 1977",П. А. Сажин,1906,Трамонтана,1959,художественная,повесть,,"«Современник», 1977",1977,журнал,омонимия не снята,"Донсковский дом на шо крепкий -- стены в три кирпича ложены, как добрая фортеця, -- а и то весь гудел, и, ей-богу, не вру, шатался, как гнилой зуб во рту."
 месв икрадоп икиндзарп ан ектаС в,илижол,в Сатке на праздники подарки всем ,ложили, ,"под подушку, — вдруг говорит Толька.",Рид Грачев. Зуб болит (1959),Рид Грачев,1935,Зуб болит,1959,художественная,рассказ,,Рид Грачев. Сочинения,2013,книга,омонимия не снята,"А у нас в Сатке на праздники подарки всем ложили под подушку, — вдруг говорит Толька."
 ьнемаК )6,ьтижол,6) Камень ,ложить, ,от молочной к гаражу.,Л. Я. Горелик. Дневник (1959),Л. Я. Горелик,1923,Дневник,1959,бытовая,"дневник, записные книжки",политика и общественная жизнь | сельское хозяйство | администрация и управление,,,электронное издание,омонимия не снята,6) Камень ложить от молочной к гаражу.
 евтсьлетиортс ан -- сироБ доромоД )2,лижол,2) Домород Борис -- на строительстве ,ложил, ,кирпич на франтоне не на связь,Л. Я. Горелик. Дневник (1959),Л. Я. Горелик,1923,Дневник,1959,бытовая,"дневник, записные книжки",политика и общественная жизнь | сельское хозяйство | администрация и управление,,,электронное издание,омонимия не снята,"2) Домород Борис -- на строительстве ложил кирпич на франтоне не на связь, а просто так, клетками."
" ,нотнарф ,онжун ен как ,кат лалед",лижол,"делал так, как не нужно, франтон, ",ложил, ,"кирпич клетками, а не связь.",Л. Я. Горелик. Дневник (1959),Л. Я. Горелик,1923,Дневник,1959,бытовая,"дневник, записные книжки",политика и общественная жизнь | сельское хозяйство | администрация и управление,,,электронное издание,омонимия не снята,"Домород Борис Алексеевич -- выступил бригадир строительной бригады Микулич, который сказал, что почти всякую работу (каменную) делает на вред, тамбур делал так, как не нужно, франтон, ложил кирпич клетками, а не связь."
" иготс в корыс онес отч ,теаджерпудерп",ьтижол,"предупреждает, что сено сырок в стоги ",ложить, ,строго воспрещается.,Л. Я. Горелик. Дневник (1958),Л. Я. Горелик,1923,Дневник,1958,бытовая,"дневник, записные книжки",политика и общественная жизнь | сельское хозяйство | администрация и управление,,,электронное издание,омонимия не снята,"С. Прогноз погоды говорит, что до 10 августа будет сухо и тепло, а поэтому правл[ение] к[олхо]за «Р[ассвет]» строго Вас предупреждает, что сено сырок в стоги ложить строго воспрещается."
 угонменоп ясмеаратсоп укжинк ан и еще,ьтижол,еще и на книжку постараемся понемногу ,ложить, -- ,готовиться к следующему отпуску.,А. И. Дмитриев. Дневник (1955),А. И. Дмитриев,1918,Дневник,1955,бытовая,"дневник, записные книжки",частная жизнь | производство,,,электронный текст,омонимия не снята,"Сейчас вся зарплата уже будет идти на наши нужды, да еще и на книжку постараемся понемногу ложить -- готовиться к следующему отпуску."
 м 05 ан -- атруб то труБ,ьтижол,Бурт от бурта -- на 50 м ,ложить,.,,Л. Я. Горелик. Дневник (1954),Л. Я. Горелик,1923,Дневник,1954,бытовая,"дневник, записные книжки",политика и общественная жизнь | сельское хозяйство | администрация и управление,,,электронное издание,омонимия не снята,Бурт от бурта -- на 50 м ложить.
" одзенг еоджак в ,ьтяес медуб яндогес",ьтижол,"сегодня будем сеять, в каждое гнездо ",ложить, ,"перегной, известь и суперфосфат (смесь).",Л. Я. Горелик. Дневник (1954),Л. Я. Горелик,1923,Дневник,1954,бытовая,"дневник, записные книжки",политика и общественная жизнь | сельское хозяйство | администрация и управление,,,электронное издание,омонимия не снята,"4) Площадь под огурцы вчера подготовили, сегодня будем сеять, в каждое гнездо ложить перегной, известь и суперфосфат (смесь)."
" ,узурукук ьтяес ]ыдаги[рб 6 ,5 ,1",ьтижол,"1, 5, 6 бр[игады] сеять кукурузу, ",ложить, ,"в гнезда суперф[осфат], навоз и известь.",Л. Я. Горелик. Дневник (1954),Л. Я. Горелик,1923,Дневник,1954,бытовая,"дневник, записные книжки",политика и общественная жизнь | сельское хозяйство | администрация и управление,,,электронное издание,омонимия не снята,"7) 1, 5, 6 бр[игады] сеять кукурузу, ложить в гнезда суперф[осфат], навоз и известь."
 одзенг В,ьтижол,В гнездо ,ложить, ,по 4 зерна.,Л. Я. Горелик. Дневник (1954),Л. Я. Горелик,1923,Дневник,1954,бытовая,"дневник, записные книжки",политика и общественная жизнь | сельское хозяйство | администрация и управление,,,электронное издание,омонимия не снята,В гнездо ложить по 4 зерна.
 ешьлоб ялефотрак екдасоп ирП )3,ьтижол,3) При посадке картофеля больше ,ложить, ,клубней -- до 3 тонн на га,Л. Я. Горелик. Дневник (1954),Л. Я. Горелик,1923,Дневник,1954,бытовая,"дневник, записные книжки",политика и общественная жизнь | сельское хозяйство | администрация и управление,,,электронное издание,омонимия не снята,"3) При посадке картофеля больше ложить клубней -- до 3 тонн на га -- чаще ложить -- по 2 клубня в гнездо, а маленьких -- по 3 штуки."
 ещач -- аг ан ннот 3 од,ьтижол,до 3 тонн на га -- чаще ,ложить, -- ,"по 2 клубня в гнездо, а",Л. Я. Горелик. Дневник (1954),Л. Я. Горелик,1923,Дневник,1954,бытовая,"дневник, записные книжки",политика и общественная жизнь | сельское хозяйство | администрация и управление,,,электронное издание,омонимия не снята,"3) При посадке картофеля больше ложить клубней -- до 3 тонн на га -- чаще ложить -- по 2 клубня в гнездо, а маленьких -- по 3 штуки."
 ен адохорп ртнец йымас ан зован,ьтижол,навоз на самый центр прохода не ,ложить,", ","а сбоку, чтобы был проход.",Л. Я. Горелик. Дневник (1954),Л. Я. Горелик,1923,Дневник,1954,бытовая,"дневник, записные книжки",политика и общественная жизнь | сельское хозяйство | администрация и управление,,,электронное издание,омонимия не снята,"5) В коровниках навоз на самый центр прохода не ложить, а сбоку, чтобы был проход."
 труб в азоваН,ьтижол,Навоза в бурт ,ложить, ,4-ю часть.,Л. Я. Горелик. Дневник (1954),Л. Я. Горелик,1923,Дневник,1954,бытовая,"дневник, записные книжки",политика и общественная жизнь | сельское хозяйство | администрация и управление,,,электронное издание,омонимия не снята,Навоза в бурт ложить 4-ю часть.
 акищя зин доп -- иколбя лаворитрос оннелшымуолз,лижол,злоумышленно сортировал яблоки -- под низ ящика ,ложил, ,"гнилые яблоки, а сверху -- хорошие и",Л. Я. Горелик. Дневник (1954),Л. Я. Горелик,1923,Дневник,1954,бытовая,"дневник, записные книжки",политика и общественная жизнь | сельское хозяйство | администрация и управление,,,электронное издание,омонимия не снята,"2) Садовод Бокач неправильно, злоумышленно сортировал яблоки -- под низ ящика ложил гнилые яблоки, а сверху -- хорошие и писал на ящике, что это первый сорт."
 тудуб адгоК )7,ьтижол,7) Когда будут ,ложить, ,"мох на свинарник, необх[оимо] выделить из",Л. Я. Горелик. Дневник (1954),Л. Я. Горелик,1923,Дневник,1954,бытовая,"дневник, записные книжки",политика и общественная жизнь | сельское хозяйство | администрация и управление,,,электронное издание,омонимия не снята,"7) Когда будут ложить мох на свинарник, необх[оимо] выделить из кажд[ой] бр[игады -- (10 бр[игад]) по 1 чел[овеку] молодых ребят, одного поставить бригадиром."
" адукен .к.т ,хытолоксиен икруч 32",ьтижол,"23 чурки неисколотых, т.к. некуда ",ложить, ,"дрова, а в дровник я пока",А. И. Дмитриев. Дневник (1953),А. И. Дмитриев,1918,Дневник,1953,бытовая,"дневник, записные книжки",частная жизнь | производство,,,электронный текст,омонимия не снята,"Я сегодня закончил их колоть, но еще осталось 23 чурки неисколотых, т.к. некуда ложить дрова, а в дровник я пока их ложить не хочу."
 хи акоп я кинворд в а,ьтижол,а в дровник я пока их ,ложить, ,не хочу.,А. И. Дмитриев. Дневник (1953),А. И. Дмитриев,1918,Дневник,1953,бытовая,"дневник, записные книжки",частная жизнь | производство,,,электронный текст,омонимия не снята,"Я сегодня закончил их колоть, но еще осталось 23 чурки неисколотых, т.к. некуда ложить дрова, а в дровник я пока их ложить не хочу."
 и оген в сан у а,ьтижол,а у нас в него и ,ложить,-,то нечего.,А. И. Дмитриев. Дневник (1953),А. И. Дмитриев,1918,Дневник,1953,бытовая,"дневник, записные книжки",частная жизнь | производство,,,электронный текст,омонимия не снята,"Принесли с собой чемодан, а у нас в него и ложить-то нечего."
 менчан ьтяпо икчулоп йотэ с отч,ьтижол,что с этой получки опять начнем ,ложить, ,деньги на книжку.,А. И. Дмитриев. Дневник (1953),А. И. Дмитриев,1918,Дневник,1953,бытовая,"дневник, записные книжки",частная жизнь | производство,,,электронный текст,омонимия не снята,"За сентябрь думаю заработать неплохо, долгов у нас почти нет, так что с этой получки опять начнем ложить деньги на книжку."
 ьшечох уху в от-утсупак мечаЗ,ьтижол,Зачем капусту-то в уху хочешь ,ложить,? ,,А. И. Дмитриев. Дневник (1953),А. И. Дмитриев,1918,Дневник,1953,бытовая,"дневник, записные книжки",частная жизнь | производство,,,электронный текст,омонимия не снята,Зачем капусту-то в уху хочешь ложить? 
" азоргу ,ьнагуР",ьтижол,"Ругань, угроза ",ложить, ,меня в амбулаторию.,В. А. Швец. Дневник (1950),В. А. Швец,1916,Дневник,1950,бытовая,"дневник, записные книжки",частная жизнь | образование | искусство и культура,Смирнов В. А. Реквием ХХ века: в 5-ти ч. Астропринт 2004--2013гг.,2004-2013,книга,омонимия не снята,"Ругань, угроза ложить меня в амбулаторию."
" удуб укчулоп юуджак ьрепет и ,йелбур",ьтижол,"рублей, и теперь каждую получку буду ",ложить, ,понемногу.,А. И. Дмитриев. Дневник (1950),А. И. Дмитриев,1918,Дневник,1950,бытовая,"дневник, записные книжки",частная жизнь | производство,,,электронный текст,омонимия не снята,"Положил в сберкассу сразу 700 рублей, и теперь каждую получку буду ложить понемногу."
 икчулоп йоджак то ьсилировогод и кеволеч,ьтижол,человек и договорились от каждой получки ,ложить, ,по 50 рублей в общий фонд.,А. И. Дмитриев. Дневник (1950),А. И. Дмитриев,1918,Дневник,1950,бытовая,"дневник, записные книжки",частная жизнь | производство,,,электронный текст,омонимия не снята,У нас в цехе организовались несколько человек и договорились от каждой получки ложить по 50 рублей в общий фонд.
 ен огечин азар авд ежу я,лижол,я уже два раза ничего не ,ложил, ,в шкатулочку.,А. И. Дмитриев. Дневник (1948),А. И. Дмитриев,1918,Дневник,1948,бытовая,"дневник, записные книжки",частная жизнь | производство,,,электронный текст,омонимия не снята,От этих получек я уже два раза ничего не ложил в шкатулочку.
" йе ямерв есв я а ,ьтапс",лижол,"спать, а я все время ей ",ложил, ,на голову компрессы.,А. И. Дмитриев. Дневник (1948),А. И. Дмитриев,1918,Дневник,1948,бытовая,"дневник, записные книжки",частная жизнь | производство,,,электронный текст,омонимия не снята,"В этот-то раз уже спилась Зина и тоже улеглась на диван спать, а я все время ей ложил на голову компрессы."
 ежу олыб адукен янем у как,ьтижол,как у меня некуда было уже ,ложить,.,,А. И. Дмитриев. Дневник (1946),А. И. Дмитриев,1918,Дневник,1946,бытовая,"дневник, записные книжки",частная жизнь | производство,,,электронный текст,омонимия не снята,"Все синявки отдал Мишке, так как у меня некуда было уже ложить."
" хи ,имялетавырзв ос водяранс ьтяп еще",ьтижол,"еще пять снарядов со взрывателями, их ",ложить, ,"на повозку нельзя, оставлять -- преступление.",А. А. Авдеев. Дневник (1941),А. А. Авдеев,1911,Дневник,1941,публицистика,"дневник, записные книжки",политика и общественная жизнь | армия и вооруженные конфликты | частная жизнь | администрация и управление,,,электронный текст,омонимия не снята,"Оставалось еще пять снарядов со взрывателями, их ложить на повозку нельзя, оставлять -- преступление."
 ьтацданавд зов ан имез с я,лижол,я с земи на воз дванадцать ,ложил,… ,"Ну, мне уж сорок второй, я",С. Н. Сергеев-Ценский. Маяк в тумане (1933),С. Н. Сергеев-Ценский,1875,Маяк в тумане,1933,художественная,рассказ,,Сергеев-Ценский С. Н. Собрание сочинений. В 12 томах. Т. 3,1967,книга,омонимия не снята,"Кому не надо, тот безо внимания, и даже он слова не знает, большой или маленький… Я с воза наземь дванадцать пудов сымаю, а недавно, года три назад, -- я с земи на воз дванадцать ложил… Ну, мне уж сорок второй, я уж не молодых годов считаюсь… И должон бы я силу больше иметь, кабы руку себе не сломал…"
 огоК,ьтижол,Кого ,ложить,? ,,С. Ф. Буданцев. Забавы (1928),С. Ф. Буданцев,1896,Забавы,1928,художественная,рассказ,,Сергей Буданцев. Саранча,1992,книга,омонимия не снята,Кого ложить? 
" ялетадесдерп огомас оготэ адгок ,асачлоп зереч",илижол,"через полчаса, когда этого самого председателя ",ложили, ,на носилки и затем задвигали носилки,М. М. Зощенко. Кошка и люди (1927),М. М. Зощенко,1894,Кошка и люди,1927,художественная,рассказ,,Мих. Зощенко. Избранное,1981,книга,омонимия не снята,"А через полчаса, когда этого самого председателя ложили на носилки и затем задвигали носилки в карету скорой помощи, я опять с ним разговорился."
"-оп им ьджад ,идопсоГ",итижол,"Господи, даждь ми по-",ложити, ,"начало благое: так молится душа, а",С. Н. Булгаков. Дневник (1925),С. Н. Булгаков,1871,Дневник,1925,бытовая,"дневник, записные книжки",политика и общественная жизнь | частная жизнь | религия,"Булгаков С. Дневник духовный. М.: Общедоступный православный университет, 2003",2003,книга,омонимия не снята,"Господи, даждь ми по-ложити начало благое: так молится душа, а сама уже не видит этого начала."
